Ngày,Số 1,Số 2,Số 3,Số 4,Số 5,Số 6,Số 7
01/08/2017,5,10,14,23,24,38,35
03/08/2017,4,9,24,25,27,45,40
05/08/2017,1,5,11,32,40,45,43
08/08/2017,19,36,39,41,46,51,38
10/08/2017,10,11,19,41,50,54,3
12/08/2017,6,16,20,32,38,51,34
15/08/2017,7,11,19,32,33,51,30
17/08/2017,11,12,20,30,32,34,53
19/08/2017,7,11,13,15,26,51,36
22/08/2017,10,24,31,32,38,44,14
24/08/2017,5,16,18,37,42,46,10
26/08/2017,17,25,30,31,36,41,20
29/08/2017,4,12,15,23,24,41,44
31/08/2017,8,20,27,35,36,47,18
02/09/2017,5,9,11,18,19,37,50
05/09/2017,1,2,8,13,23,39,9
07/09/2017,4,18,22,31,32,40,8
09/09/2017,1,15,23,36,43,54,12
12/09/2017,6,10,12,47,48,51,35
14/09/2017,22,23,32,43,44,51,15
16/09/2017,9,12,21,26,29,52,24
19/09/2017,3,32,36,41,44,53,45
21/09/2017,9,12,16,24,43,51,39
23/09/2017,7,8,27,36,44,53,49
26/09/2017,14,15,18,30,36,49,19
28/09/2017,20,27,28,31,39,47,10
30/09/2017,4,17,23,25,34,46,24
03/10/2017,21,31,35,41,46,50,23
05/10/2017,1,3,14,19,35,41,20
07/10/2017,31,34,40,42,43,49,16
10/10/2017,29,33,43,44,45,50,41
12/10/2017,5,8,11,31,37,42,52
14/10/2017,14,18,29,35,44,49,54
17/10/2017,1,26,36,40,50,54,31
19/10/2017,6,15,17,24,40,45,39
21/10/2017,4,9,13,16,18,49,30
24/10/2017,1,2,9,13,32,35,52
26/10/2017,2,10,15,30,34,50,3
28/10/2017,13,18,35,36,41,48,47
31/10/2017,7,13,24,45,47,52,33
02/11/2017,3,9,12,21,51,52,7
04/11/2017,2,8,12,44,46,52,9
07/11/2017,19,32,36,37,42,54,28
09/11/2017,2,3,6,23,34,36,50
11/11/2017,12,26,33,35,36,44,1
14/11/2017,20,24,29,41,47,49,22
16/11/2017,1,16,22,25,47,48,21
18/11/2017,11,12,26,42,50,54,17
21/11/2017,5,8,23,37,38,54,55
23/11/2017,1,2,3,18,25,50,14
25/11/2017,2,9,16,46,52,55,50
28/11/2017,2,19,39,49,51,53,20
30/11/2017,5,13,26,37,53,55,28
02/12/2017,9,37,45,50,53,54,40
05/12/2017,27,38,40,42,46,55,5
07/12/2017,3,14,26,35,44,54,25
09/12/2017,5,34,35,42,49,52,21
12/12/2017,6,7,8,21,32,39,27
14/12/2017,11,12,22,28,46,50,7
16/12/2017,5,23,37,41,43,53,25
19/12/2017,2,3,20,25,38,44,12
21/12/2017,22,23,27,35,37,46,19
23/12/2017,7,8,9,13,28,44,12
26/12/2017,7,11,13,18,26,42,49
28/12/2017,7,18,26,29,31,35,34
30/12/2017,8,9,36,37,39,50,7
02/01/2018,4,7,8,34,37,47,24
04/01/2018,1,7,31,35,46,55,51
06/01/2018,4,11,24,35,41,45,17
09/01/2018,18,25,28,46,50,51,15
11/01/2018,4,7,30,35,37,45,1
13/01/2018,3,21,25,26,51,55,37
16/01/2018,6,27,33,41,42,49,22
18/01/2018,12,24,28,30,36,39,15
20/01/2018,2,7,15,16,41,45,19
23/01/2018,3,10,15,23,41,53,35
25/01/2018,1,10,30,44,45,50,4
27/01/2018,21,26,36,38,40,50,11
30/01/2018,15,19,24,51,53,55,29
01/02/2018,1,7,8,9,39,43,52
03/02/2018,12,29,42,48,54,55,18
06/02/2018,1,20,29,31,43,53,16
08/02/2018,21,22,29,37,41,50,33
10/02/2018,8,10,19,25,36,46,7
13/02/2018,9,25,26,30,42,54,19
17/02/2018,16,22,28,29,35,43,45
20/02/2018,1,2,21,24,50,52,33
22/02/2018,11,14,32,36,42,48,20
24/02/2018,5,7,24,32,45,49,1
27/02/2018,8,16,23,28,44,49,45
01/03/2018,4,5,7,17,20,38,9
03/03/2018,4,10,32,37,47,52,49
06/03/2018,2,6,13,22,40,48,12
08/03/2018,14,17,18,23,41,52,40
10/03/2018,9,20,27,31,48,49,42
13/03/2018,1,2,17,46,47,49,44
15/03/2018,15,20,23,28,39,49,19
17/03/2018,3,14,28,35,50,52,29
20/03/2018,11,40,43,46,49,55,37
22/03/2018,1,8,24,33,34,41,20
24/03/2018,1,30,38,45,48,50,12
27/03/2018,9,13,14,15,54,55,22
29/03/2018,5,27,35,39,46,52,31
31/03/2018,3,7,31,43,51,53,26
03/04/2018,20,21,39,42,51,53,1
05/04/2018,7,9,17,25,31,32,6
07/04/2018,12,24,33,34,36,53,5
10/04/2018,1,22,25,31,36,48,41
12/04/2018,4,29,35,37,42,54,19
14/04/2018,2,10,14,26,45,54,20
17/04/2018,2,10,26,27,31,38,39
19/04/2018,4,17,19,35,49,55,9
21/04/2018,16,18,41,43,46,55,35
24/04/2018,17,18,24,40,41,46,6
26/04/2018,23,26,29,31,36,54,55
28/04/2018,12,19,22,29,32,46,25
01/05/2018,1,7,20,23,25,38,14
03/05/2018,23,27,33,37,39,49,44
05/05/2018,16,32,33,37,40,48,15
08/05/2018,3,16,23,24,38,42,48
10/05/2018,2,6,8,34,39,43,11
12/05/2018,1,9,26,38,54,55,51
15/05/2018,3,6,29,37,44,49,24
17/05/2018,13,31,38,45,53,55,46
19/05/2018,33,35,45,52,53,55,25
22/05/2018,4,5,8,17,35,47,39
24/05/2018,24,25,26,29,36,48,40
26/05/2018,7,12,28,31,40,44,15
29/05/2018,9,13,17,18,46,50,26
31/05/2018,3,15,18,25,26,29,19
02/06/2018,5,7,17,22,32,33,6
05/06/2018,11,21,26,32,51,52,5
07/06/2018,11,16,18,26,46,47,42
09/06/2018,9,23,25,39,52,53,38
12/06/2018,4,13,23,27,29,35,14
14/06/2018,3,15,32,45,48,54,55
16/06/2018,14,15,21,30,44,47,48
19/06/2018,16,17,31,37,41,52,34
21/06/2018,2,8,19,23,25,33,32
23/06/2018,6,8,13,23,46,55,1
26/06/2018,17,18,21,39,40,43,3
28/06/2018,11,31,33,43,48,51,23
30/06/2018,3,12,23,24,30,33,1
03/07/2018,30,32,34,47,48,49,50
05/07/2018,4,15,22,24,43,51,48
07/07/2018,2,30,45,48,49,53,41
10/07/2018,6,10,16,20,27,29,24
12/07/2018,8,15,18,21,24,49,22
14/07/2018,4,19,23,34,38,50,1
17/07/2018,5,14,22,27,31,40,48
19/07/2018,11,13,28,34,44,47,10
21/07/2018,7,31,33,37,46,52,28
24/07/2018,11,18,34,37,50,53,20
26/07/2018,21,24,33,37,40,46,52
28/07/2018,11,16,22,25,30,40,9
31/07/2018,1,5,27,31,47,50,41
02/08/2018,6,11,16,17,41,55,7
04/08/2018,11,12,24,32,41,48,3
07/08/2018,3,9,15,20,39,49,4
09/08/2018,24,29,32,33,49,55,9
11/08/2018,16,17,31,33,42,44,14
14/08/2018,29,30,36,38,45,52,46
16/08/2018,6,10,34,46,48,51,47
18/08/2018,7,33,36,39,51,55,11
21/08/2018,9,12,14,23,32,46,31
23/08/2018,14,18,27,38,39,53,2
25/08/2018,10,11,15,32,40,48,27
28/08/2018,2,10,15,31,39,48,23
30/08/2018,5,22,28,42,49,54,36
01/09/2018,2,8,20,21,28,36,5
04/09/2018,8,18,20,29,34,37,51
06/09/2018,4,11,15,21,24,27,7
08/09/2018,9,11,12,24,35,43,15
11/09/2018,13,17,28,42,45,49,50
13/09/2018,4,6,7,26,40,44,9
15/09/2018,2,5,28,30,46,50,49
18/09/2018,8,21,32,43,48,53,38
20/09/2018,3,32,35,46,47,49,51
22/09/2018,1,8,17,28,40,50,21
25/09/2018,2,3,6,13,14,17,9
27/09/2018,8,12,29,35,51,54,34
29/09/2018,3,7,12,32,34,55,38
02/10/2018,3,7,28,32,33,37,22
04/10/2018,3,9,12,17,34,42,46
06/10/2018,5,6,16,42,48,51,3
09/10/2018,10,27,46,50,51,55,1
11/10/2018,5,16,17,37,46,49,35
13/10/2018,12,21,23,44,47,48,43
16/10/2018,5,28,29,34,42,46,17
18/10/2018,1,11,22,34,42,47,30
20/10/2018,2,5,10,17,35,41,21
23/10/2018,1,3,6,13,21,30,36
25/10/2018,16,23,29,31,45,48,19
27/10/2018,8,9,15,21,44,49,16
30/10/2018,1,12,22,27,30,39,46
01/11/2018,3,11,15,42,44,54,41
03/11/2018,14,17,20,23,25,45,34
06/11/2018,19,22,23,43,47,53,3
08/11/2018,22,28,31,39,52,53,14
10/11/2018,3,5,19,22,29,39,15
13/11/2018,3,25,26,32,41,47,5
15/11/2018,13,16,21,40,49,52,54
17/11/2018,12,22,26,29,45,47,15
20/11/2018,9,23,33,40,44,49,17
22/11/2018,17,22,24,28,37,44,6
24/11/2018,3,10,11,25,40,54,17
27/11/2018,3,5,23,28,35,44,8
29/11/2018,10,23,27,42,51,52,20
01/12/2018,3,5,12,20,25,33,41
04/12/2018,10,13,16,23,30,49,24
06/12/2018,9,13,23,27,39,42,49
08/12/2018,3,6,9,31,48,54,53
11/12/2018,1,5,11,37,39,44,31
13/12/2018,2,11,14,36,49,55,53
15/12/2018,14,17,49,52,53,55,12
18/12/2018,1,9,15,17,25,26,8
20/12/2018,8,17,24,33,34,44,55
22/12/2018,3,8,16,35,39,52,29
25/12/2018,3,9,17,21,23,51,15
27/12/2018,5,20,33,42,43,50,40
29/12/2018,8,36,42,43,50,52,30
01/01/2019,2,19,21,27,37,46,12
03/01/2019,23,31,37,45,49,54,18
05/01/2019,10,11,38,47,53,55,51
08/01/2019,3,5,9,11,45,48,40
10/01/2019,12,22,31,35,40,47,8
12/01/2019,7,13,14,26,42,54,11
15/01/2019,4,6,13,22,29,30,52
17/01/2019,13,14,22,34,35,55,54
19/01/2019,13,29,42,46,51,53,36
22/01/2019,1,14,22,40,52,55,21
24/01/2019,31,35,38,44,49,55,24
26/01/2019,20,27,33,43,53,54,48
29/01/2019,15,20,26,41,45,55,10
31/01/2019,10,19,20,28,34,44,29
02/02/2019,11,23,27,35,36,46,37
07/02/2019,20,27,28,32,47,50,41
09/02/2019,2,14,15,44,46,50,18
12/02/2019,1,12,17,34,48,49,47
14/02/2019,8,15,26,41,43,53,46
16/02/2019,5,8,14,28,37,40,41
19/02/2019,12,18,22,29,32,52,51
21/02/2019,3,10,11,15,29,34,50
23/02/2019,16,19,30,39,43,52,21
26/02/2019,8,9,16,34,42,43,45
28/02/2019,4,15,19,34,40,42,49
02/03/2019,1,2,3,20,46,48,31
05/03/2019,1,15,23,51,53,55,26
07/03/2019,2,14,20,33,41,47,27
09/03/2019,18,24,31,34,35,44,52
12/03/2019,9,16,26,34,44,49,19
14/03/2019,18,21,25,35,44,53,4
16/03/2019,10,18,22,24,35,40,53
19/03/2019,8,28,32,35,40,45,34
21/03/2019,7,18,32,42,46,53,28
23/03/2019,3,9,30,41,46,52,22
26/03/2019,15,19,28,40,44,48,14
28/03/2019,3,23,37,43,44,49,27
30/03/2019,3,15,18,35,50,54,32
02/04/2019,1,4,9,20,22,26,48
04/04/2019,16,26,29,38,47,51,13
06/04/2019,1,20,30,41,46,50,48
09/04/2019,10,14,19,36,48,49,3
11/04/2019,1,8,31,32,37,55,53
13/04/2019,9,13,20,21,36,43,32
16/04/2019,16,29,32,33,52,53,5
18/04/2019,7,8,15,24,26,48,10
20/04/2019,8,10,12,24,40,44,51
23/04/2019,20,21,22,31,43,45,30
25/04/2019,16,22,23,33,36,38,45
27/04/2019,1,11,22,26,33,51,4
30/04/2019,3,5,13,40,41,45,52
02/05/2019,2,10,16,17,33,36,20
04/05/2019,1,2,3,17,26,53,50
07/05/2019,3,6,7,8,9,49,24
09/05/2019,19,21,48,49,54,55,27
11/05/2019,6,11,20,22,26,28,36
14/05/2019,6,11,15,21,30,40,10
16/05/2019,8,28,30,33,40,43,24
18/05/2019,6,10,13,18,29,38,53
21/05/2019,11,12,29,31,37,53,41
23/05/2019,13,21,33,42,53,55,44
25/05/2019,4,12,35,44,50,55,19
28/05/2019,15,22,31,32,33,37,51
30/05/2019,17,31,33,34,37,40,35
01/06/2019,10,24,31,41,42,47,20
04/06/2019,18,20,24,26,33,41,55
06/06/2019,10,13,30,36,51,54,16
08/06/2019,2,8,10,23,27,35,47
11/06/2019,2,5,13,20,30,49,35
13/06/2019,6,9,15,22,29,53,25
15/06/2019,13,23,40,45,52,55,9
18/06/2019,24,31,45,46,47,54,4
20/06/2019,9,15,23,41,49,51,52
22/06/2019,1,9,23,28,42,54,49
25/06/2019,3,14,34,35,40,49,23
27/06/2019,9,29,32,44,49,53,5
29/06/2019,6,10,19,31,34,43,37
02/07/2019,2,9,33,45,52,54,1
04/07/2019,4,5,14,46,52,54,3
06/07/2019,5,29,36,39,46,53,48
09/07/2019,4,17,25,40,42,51,2
11/07/2019,6,9,15,26,35,38,34
13/07/2019,5,23,29,45,50,52,1
16/07/2019,4,12,19,31,33,40,51
18/07/2019,4,24,29,31,39,41,38
20/07/2019,15,18,25,32,42,52,10
23/07/2019,5,10,21,32,39,52,41
25/07/2019,3,31,34,41,52,53,16
27/07/2019,2,3,25,33,44,50,17
30/07/2019,3,8,12,21,32,51,7
01/08/2019,1,18,39,45,48,49,26
03/08/2019,13,24,25,26,27,30,4
06/08/2019,9,11,19,20,26,42,17
08/08/2019,1,6,17,18,21,41,22
10/08/2019,7,17,36,42,43,50,44
13/08/2019,4,8,16,27,32,40,23
15/08/2019,19,25,31,32,39,47,8
17/08/2019,9,11,24,26,38,53,41
20/08/2019,10,30,38,48,54,55,46
22/08/2019,4,7,16,17,30,39,27
24/08/2019,19,20,34,40,49,51,1
27/08/2019,16,22,29,33,46,47,55
29/08/2019,10,11,12,23,27,48,9
31/08/2019,13,20,23,32,51,52,42
03/09/2019,13,14,29,35,41,55,25
05/09/2019,20,24,27,30,33,45,21
07/09/2019,7,17,31,35,38,46,16
10/09/2019,6,9,19,39,50,54,37
12/09/2019,18,29,32,33,45,49,40
14/09/2019,10,36,42,44,45,54,14
17/09/2019,3,14,26,38,43,47,10
19/09/2019,2,8,22,34,39,41,13
21/09/2019,2,5,23,30,42,45,34
24/09/2019,12,33,39,40,48,53,35
26/09/2019,7,12,38,43,51,55,15
28/09/2019,4,8,21,23,40,43,44
01/10/2019,5,22,38,41,47,49,29
03/10/2019,4,7,8,26,37,44,29
05/10/2019,10,29,30,31,37,51,50
08/10/2019,8,36,39,43,48,50,40
10/10/2019,4,17,42,51,53,55,29
12/10/2019,21,39,48,51,53,55,5
15/10/2019,9,12,29,46,48,53,3
17/10/2019,5,11,14,34,51,53,16
19/10/2019,1,10,21,26,42,43,25
22/10/2019,2,16,26,27,36,40,31
24/10/2019,9,14,23,41,45,50,13
26/10/2019,18,20,22,50,51,53,35
29/10/2019,12,15,16,31,43,55,11
31/10/2019,18,19,22,37,47,48,46
02/11/2019,2,15,34,35,48,50,32
05/11/2019,3,6,16,17,44,50,28
07/11/2019,1,12,19,37,44,52,18
09/11/2019,1,3,6,25,29,41,12
12/11/2019,10,17,24,27,36,39,33
14/11/2019,9,12,16,36,41,55,35
16/11/2019,6,8,18,22,49,52,10
19/11/2019,19,21,33,35,38,40,4
21/11/2019,21,24,35,38,42,47,34
23/11/2019,7,29,30,45,50,55,15
26/11/2019,7,19,38,41,42,47,4
28/11/2019,1,18,26,28,53,55,14
30/11/2019,8,9,10,32,44,50,15
03/12/2019,21,29,36,41,50,52,42
05/12/2019,9,11,16,27,35,40,51
07/12/2019,7,18,38,42,47,51,8
10/12/2019,5,20,33,42,43,49,26
12/12/2019,1,9,15,42,49,50,48
14/12/2019,3,30,33,34,40,47,26
17/12/2019,4,5,14,19,22,37,43
19/12/2019,18,22,25,28,29,34,50
21/12/2019,5,8,20,34,37,42,51
24/12/2019,3,16,30,34,50,55,48
26/12/2019,5,6,12,18,23,54,26
28/12/2019,10,17,26,28,29,32,21
31/12/2019,2,22,26,28,44,55,27
02/01/2020,12,14,26,29,33,40,50
04/01/2020,4,14,26,42,44,55,48
07/01/2020,8,11,16,22,42,54,13
09/01/2020,17,20,21,29,52,54,51
11/01/2020,8,11,17,19,25,47,53
14/01/2020,3,4,17,39,50,51,53
16/01/2020,10,11,26,33,44,46,55
18/01/2020,13,18,19,23,32,43,11
21/01/2020,14,31,45,47,52,54,13
23/01/2020,9,15,18,25,31,49,46
28/01/2020,1,20,24,33,40,55,46
30/01/2020,12,18,28,30,47,50,41
01/02/2020,2,3,11,23,35,54,6
04/02/2020,6,10,20,47,52,55,46
06/02/2020,13,18,34,36,45,49,37
08/02/2020,9,12,19,25,41,54,38
11/02/2020,4,14,18,21,32,53,2
13/02/2020,25,28,32,34,35,39,7
15/02/2020,26,36,37,38,42,49,46
18/02/2020,27,32,36,37,47,48,50
20/02/2020,1,3,20,33,36,51,49
22/02/2020,7,24,32,49,51,54,44
25/02/2020,5,13,21,36,39,48,6
27/02/2020,3,11,21,29,47,55,50
29/02/2020,9,17,23,26,51,54,32
03/03/2020,14,15,31,40,43,49,12
05/03/2020,8,9,34,40,41,54,13
07/03/2020,5,11,21,30,40,48,20
10/03/2020,23,25,30,36,45,52,53
12/03/2020,2,14,19,24,27,34,48
14/03/2020,12,20,25,38,39,40,37
17/03/2020,1,14,18,43,49,50,8
19/03/2020,3,35,41,42,43,49,31
21/03/2020,10,12,14,17,29,53,25
24/03/2020,3,9,20,21,33,52,50
26/03/2020,7,8,11,31,35,36,45
28/03/2020,1,10,11,13,27,55,19
31/03/2020,12,19,40,41,43,53,23
25/04/2020,4,18,24,30,53,55,13
28/04/2020,4,6,10,16,30,46,34
30/04/2020,12,31,32,33,39,41,14
02/05/2020,2,6,9,16,43,53,19
05/05/2020,1,4,13,15,18,20,22
07/05/2020,9,19,28,30,32,54,22
09/05/2020,18,19,30,39,45,46,11
12/05/2020,1,8,25,34,38,44,28
14/05/2020,7,23,29,47,51,55,12
16/05/2020,19,35,38,49,52,55,1
19/05/2020,5,15,16,19,49,55,3
21/05/2020,2,15,22,25,30,46,10
23/05/2020,4,13,27,47,50,55,31
26/05/2020,11,12,23,24,34,47,43
28/05/2020,1,4,8,21,44,49,52
30/05/2020,12,13,41,42,48,53,20
02/06/2020,4,19,31,42,48,55,22
04/06/2020,6,12,16,34,39,54,19
06/06/2020,8,12,24,32,35,51,21
09/06/2020,1,3,8,22,42,48,44
11/06/2020,3,21,25,32,35,52,34
13/06/2020,7,9,11,30,43,53,10
16/06/2020,2,15,16,23,33,54,45
18/06/2020,5,18,27,45,50,54,9
20/06/2020,5,9,33,43,44,50,46
23/06/2020,2,18,28,46,52,54,19
25/06/2020,9,10,12,19,27,40,55
27/06/2020,2,6,38,47,50,53,14
30/06/2020,5,11,18,19,20,21,52
02/07/2020,4,10,20,38,48,53,5
04/07/2020,3,9,10,18,29,45,36
07/07/2020,7,24,32,35,48,50,1
09/07/2020,3,10,11,17,26,54,21
11/07/2020,3,4,6,14,20,38,35
14/07/2020,5,22,32,34,43,51,12
16/07/2020,2,5,11,20,24,32,6
18/07/2020,3,13,22,28,30,53,16
21/07/2020,6,14,31,37,38,44,4
23/07/2020,4,12,31,47,49,52,2
25/07/2020,2,19,21,34,54,55,24
28/07/2020,3,11,20,34,44,54,16
30/07/2020,6,7,16,26,29,54,4
01/08/2020,13,18,29,30,40,47,4
04/08/2020,10,15,20,21,32,51,8
06/08/2020,2,5,21,24,26,27,11
08/08/2020,3,12,24,26,36,43,8
11/08/2020,2,12,33,39,52,53,44
13/08/2020,3,25,28,44,49,54,19
15/08/2020,1,11,29,30,41,51,4
18/08/2020,22,41,44,46,51,52,2
20/08/2020,14,18,28,32,33,36,41
22/08/2020,1,20,24,26,35,51,12
25/08/2020,21,35,36,38,44,47,14
29/08/2020,1,4,14,28,35,53,2
01/09/2020,11,22,24,47,49,53,3
03/09/2020,7,9,18,22,35,54,50
05/09/2020,9,12,19,22,31,46,20
08/09/2020,22,47,48,52,53,55,14
10/09/2020,18,25,27,37,45,50,52
12/09/2020,20,21,24,30,31,44,40
15/09/2020,13,14,15,17,26,53,21
17/09/2020,1,5,28,43,44,53,49
19/09/2020,4,7,8,29,31,41,38
22/09/2020,5,8,15,18,36,45,6
24/09/2020,12,28,41,42,52,53,50
26/09/2020,7,10,13,15,40,48,1
29/09/2020,1,6,7,13,30,55,34
01/10/2020,3,6,7,19,38,54,50
03/10/2020,12,14,22,23,39,44,28
06/10/2020,11,14,29,32,33,40,35
08/10/2020,10,18,20,21,26,51,52
10/10/2020,5,10,47,50,53,54,22
13/10/2020,12,19,28,29,52,53,20
15/10/2020,8,38,41,47,50,52,45
17/10/2020,3,14,25,37,49,54,53
20/10/2020,8,33,38,47,49,54,31
22/10/2020,2,3,12,21,24,38,14
24/10/2020,12,21,22,27,41,50,34
27/10/2020,3,31,33,36,38,39,8
29/10/2020,9,11,14,16,21,23,54
31/10/2020,8,18,19,20,43,54,50
03/11/2020,2,22,27,46,48,52,23
05/11/2020,1,2,6,18,34,51,52
07/11/2020,12,28,30,33,45,52,15
10/11/2020,2,5,19,39,48,53,6
12/11/2020,4,20,22,25,43,47,12
14/11/2020,5,11,15,34,44,48,35
17/11/2020,6,17,27,34,36,51,48
19/11/2020,12,15,23,28,45,48,43
21/11/2020,8,14,19,20,49,51,28
24/11/2020,4,7,19,20,22,53,23
26/11/2020,18,19,29,31,36,52,50
28/11/2020,1,20,36,44,45,49,52
01/12/2020,6,10,12,24,34,43,15
03/12/2020,5,19,32,41,42,45,17
05/12/2020,10,28,29,30,37,38,36
08/12/2020,2,17,32,33,38,45,37
10/12/2020,3,31,34,36,44,54,45
12/12/2020,3,14,32,36,41,46,54
15/12/2020,10,11,13,35,38,49,14
17/12/2020,15,25,27,35,40,48,45
19/12/2020,14,20,32,34,37,49,31
22/12/2020,10,11,16,29,35,38,3
24/12/2020,11,19,34,41,44,48,43
26/12/2020,1,24,33,41,43,51,48
29/12/2020,4,8,11,15,17,41,23
31/12/2020,2,15,25,27,37,51,53
02/01/2021,7,19,23,26,35,45,11
05/01/2021,5,7,9,22,42,54,47
07/01/2021,7,11,22,38,48,51,53
09/01/2021,10,19,24,29,46,48,5
12/01/2021,19,23,29,34,44,53,35
14/01/2021,1,4,42,44,46,50,9
16/01/2021,13,15,28,29,32,44,49
19/01/2021,5,22,25,43,48,53,18
21/01/2021,9,20,22,31,47,52,18
23/01/2021,12,31,39,41,45,55,34
26/01/2021,7,16,32,42,44,47,35
28/01/2021,3,4,16,34,40,55,2
30/01/2021,2,7,17,18,21,29,19
02/02/2021,4,13,31,36,40,54,30
04/02/2021,28,43,44,50,51,53,13
06/02/2021,6,22,32,33,35,53,12
09/02/2021,15,20,21,29,31,41,34
13/02/2021,3,11,14,31,34,42,24
16/02/2021,4,10,11,21,23,44,50
18/02/2021,2,5,10,22,26,47,53
20/02/2021,1,2,4,32,34,39,20
23/02/2021,16,19,21,23,30,48,6
25/02/2021,9,19,32,40,45,51,1
27/02/2021,6,11,24,30,50,52,22
02/03/2021,23,29,45,46,49,51,1
04/03/2021,2,9,21,23,33,41,45
06/03/2021,18,24,34,39,46,55,4
09/03/2021,15,18,29,35,47,54,20
11/03/2021,4,5,12,25,43,44,27
13/03/2021,7,19,20,23,36,55,9
16/03/2021,3,31,45,46,49,54,40
18/03/2021,17,24,38,41,46,54,51
20/03/2021,16,18,20,25,35,36,17
23/03/2021,9,13,17,33,34,53,31
25/03/2021,19,20,24,29,36,39,22
27/03/2021,5,11,17,20,26,37,12
30/03/2021,2,11,17,19,47,51,22
01/04/2021,13,18,24,34,38,54,8
03/04/2021,2,4,34,38,41,55,19
06/04/2021,27,33,34,38,46,48,5
08/04/2021,8,11,16,22,28,30,45
10/04/2021,12,13,16,17,27,47,49
13/04/2021,25,33,39,45,49,55,36
15/04/2021,5,8,27,42,47,51,36
17/04/2021,4,15,16,29,42,46,36
20/04/2021,18,25,38,43,47,51,11
22/04/2021,5,11,17,25,39,48,22
24/04/2021,1,4,5,21,25,44,45
27/04/2021,3,9,22,26,32,37,41
29/04/2021,3,9,23,33,42,44,50
01/05/2021,3,7,14,22,41,42,10
04/05/2021,7,24,45,48,49,53,14
06/05/2021,15,19,24,31,44,53,32
08/05/2021,14,23,26,37,42,51,40
11/05/2021,1,14,41,44,46,53,48
13/05/2021,13,24,25,35,39,41,29
15/05/2021,1,5,6,13,23,27,46
18/05/2021,6,7,22,32,38,47,27
20/05/2021,7,10,12,19,42,54,24
22/05/2021,15,27,37,45,46,52,31
25/05/2021,6,10,33,35,36,43,8
27/05/2021,3,7,18,22,40,46,14
29/05/2021,2,11,31,37,43,55,14
01/06/2021,6,12,14,27,43,45,38
03/06/2021,4,8,21,24,26,47,43
05/06/2021,14,22,25,39,41,52,17
08/06/2021,16,28,33,41,42,54,12
10/06/2021,11,22,24,27,43,54,45
12/06/2021,4,16,17,20,27,44,30
15/06/2021,11,18,21,22,30,55,35
17/06/2021,18,23,38,41,44,55,40
19/06/2021,1,3,7,13,28,45,33
22/06/2021,3,9,32,33,41,43,40
24/06/2021,3,16,17,24,41,44,37
26/06/2021,6,16,17,20,49,52,27
29/06/2021,5,14,24,36,44,55,48
01/07/2021,4,15,28,30,49,52,55
03/07/2021,4,25,30,38,50,55,53
06/07/2021,17,20,22,24,30,54,51
08/07/2021,3,32,34,42,44,54,35
10/07/2021,7,8,17,37,47,48,27
13/07/2021,5,11,18,27,34,43,42
15/07/2021,3,4,12,16,30,50,20
17/07/2021,2,7,11,21,31,42,45
20/07/2021,2,8,11,13,17,26,53
22/07/2021,2,20,24,39,46,53,55
19/08/2021,5,9,12,20,43,51,13
21/08/2021,22,24,27,37,38,48,14
24/08/2021,2,4,7,18,30,35,20
26/08/2021,11,13,20,51,53,55,4
28/08/2021,10,16,26,27,34,48,51
31/08/2021,7,20,37,47,51,53,5
02/09/2021,1,8,12,26,28,45,43
04/09/2021,11,12,32,42,43,51,31
07/09/2021,19,30,35,43,47,55,12
09/09/2021,6,8,10,23,39,44,43
11/09/2021,8,17,20,36,39,44,30
14/09/2021,17,22,30,40,43,44,41
16/09/2021,10,16,40,43,45,46,22
18/09/2021,3,14,15,21,47,52,54
21/09/2021,15,24,25,40,42,50,49
23/09/2021,6,7,21,25,27,49,26
25/09/2021,7,20,27,43,48,51,37
28/09/2021,7,22,25,40,49,50,37
30/09/2021,18,23,26,32,46,49,54
02/10/2021,5,6,22,26,49,51,32
05/10/2021,11,16,17,19,38,43,24
07/10/2021,6,15,21,24,45,55,46
09/10/2021,1,22,25,38,39,54,19
12/10/2021,14,17,31,33,42,50,40
14/10/2021,9,21,24,30,41,44,40
16/10/2021,9,17,22,28,50,55,7
19/10/2021,3,9,25,29,46,50,18
21/10/2021,3,19,32,36,41,51,35
23/10/2021,5,11,19,26,28,33,9
26/10/2021,21,24,29,34,39,53,20
28/10/2021,2,4,6,13,31,35,16
30/10/2021,31,36,40,44,50,53,11
02/11/2021,37,38,42,46,47,55,23
04/11/2021,5,10,15,31,32,50,28
06/11/2021,23,31,41,48,49,51,3
09/11/2021,12,25,26,47,51,53,16
11/11/2021,3,35,37,41,45,49,31
13/11/2021,18,22,29,33,46,48,37
16/11/2021,8,19,27,34,46,51,2
18/11/2021,18,30,32,37,39,40,10
20/11/2021,6,10,29,30,31,51,35
23/11/2021,5,7,9,28,38,55,50
25/11/2021,16,18,24,29,33,41,43
27/11/2021,2,5,7,21,31,37,44
30/11/2021,12,21,23,28,33,46,38
02/12/2021,6,23,28,31,44,48,14
04/12/2021,7,9,31,32,36,49,37
07/12/2021,4,6,22,32,34,53,41
09/12/2021,3,14,33,40,41,50,17
11/12/2021,8,13,17,22,42,51,45
14/12/2021,10,16,19,24,39,50,29
16/12/2021,19,24,30,41,43,49,55
18/12/2021,4,6,19,26,38,41,16
21/12/2021,23,25,28,49,52,54,44
23/12/2021,8,22,29,43,45,54,23
25/12/2021,6,8,23,25,33,35,27
28/12/2021,3,8,9,40,44,48,2
30/12/2021,9,25,27,32,37,46,23
01/01/2022,4,25,28,32,33,55,3
04/01/2022,11,17,22,28,39,49,43
06/01/2022,4,8,14,21,30,49,38
08/01/2022,6,17,37,41,48,50,13
11/01/2022,12,25,26,28,33,46,22
13/01/2022,7,12,17,26,37,46,28
15/01/2022,20,26,41,46,47,48,18
18/01/2022,6,15,16,33,41,43,51
20/01/2022,8,21,32,34,41,46,48
22/01/2022,2,6,16,29,37,42,22
25/01/2022,2,16,17,20,31,51,50
27/01/2022,1,26,31,36,40,46,28
29/01/2022,6,10,17,23,25,38,21
03/02/2022,13,18,22,35,42,43,3
05/02/2022,1,17,23,29,44,45,37
08/02/2022,12,15,21,28,32,40,43
10/02/2022,3,15,26,35,43,52,7
12/02/2022,4,8,12,42,44,51,41
15/02/2022,5,7,14,24,29,36,46
17/02/2022,5,24,40,42,46,54,3
19/02/2022,1,11,14,33,46,48,40
22/02/2022,9,16,19,23,25,39,4
24/02/2022,2,15,25,30,31,32,13
26/02/2022,5,8,30,36,49,51,18
01/03/2022,15,19,25,42,51,53,2
03/03/2022,4,10,16,25,26,43,52
05/03/2022,5,12,15,25,43,48,1
08/03/2022,3,23,25,39,47,48,55
10/03/2022,1,3,8,16,19,36,41
12/03/2022,12,16,18,26,30,45,36
15/03/2022,6,14,24,28,33,52,50
17/03/2022,1,6,12,21,37,49,53
19/03/2022,8,20,24,37,51,55,27
22/03/2022,1,14,18,28,47,49,22
24/03/2022,5,9,16,35,45,46,44
26/03/2022,1,6,16,30,34,55,29
29/03/2022,5,11,32,35,40,52,31
31/03/2022,5,24,34,39,42,49,16
02/04/2022,32,38,42,44,47,55,46
05/04/2022,5,18,26,36,43,44,45
07/04/2022,6,14,15,25,29,32,41
09/04/2022,2,3,19,28,42,45,12
12/04/2022,11,18,20,22,25,40,5
14/04/2022,1,5,9,34,37,45,52
16/04/2022,4,8,39,41,53,55,52
19/04/2022,2,7,13,28,29,34,39
21/04/2022,21,24,27,34,38,42,46
23/04/2022,3,27,36,41,49,55,18
26/04/2022,14,22,24,25,43,49,17
28/04/2022,8,24,25,32,37,44,3
30/04/2022,11,23,51,52,53,54,27
03/05/2022,1,22,38,48,49,53,42
05/05/2022,27,29,33,39,47,53,55
07/05/2022,15,32,33,36,43,46,31
10/05/2022,12,18,41,43,47,51,10
12/05/2022,9,18,24,43,44,50,15
14/05/2022,2,28,30,43,44,55,22
17/05/2022,11,17,25,29,45,48,53
19/05/2022,3,6,31,40,47,54,8
21/05/2022,19,32,38,40,45,48,2
24/05/2022,18,31,32,46,50,52,28
26/05/2022,4,30,32,39,41,53,42
28/05/2022,33,36,38,42,43,46,3
31/05/2022,4,10,15,16,47,51,23
02/06/2022,7,11,28,30,33,50,49
04/06/2022,3,17,27,30,34,49,25
07/06/2022,16,17,21,28,39,50,19
09/06/2022,30,31,35,43,48,50,22
11/06/2022,10,18,23,25,45,47,38
14/06/2022,2,15,26,32,35,36,16
16/06/2022,9,13,21,40,51,54,4
18/06/2022,6,27,43,44,45,47,33
21/06/2022,9,13,19,21,34,51,35
23/06/2022,10,22,23,34,46,54,27
25/06/2022,14,17,31,35,37,40,28
28/06/2022,5,22,30,32,38,55,33
30/06/2022,5,11,15,19,29,31,35
02/07/2022,6,26,39,40,46,47,2
05/07/2022,5,7,12,26,29,44,38
07/07/2022,18,24,32,43,48,55,15
09/07/2022,5,21,24,47,52,55,20
12/07/2022,12,13,24,25,39,41,9
14/07/2022,11,25,29,37,39,52,45
16/07/2022,6,13,18,27,34,46,33
19/07/2022,8,9,33,34,35,52,36
21/07/2022,2,20,33,45,51,55,1
23/07/2022,27,28,29,39,40,54,13
26/07/2022,5,8,9,13,14,47,53
28/07/2022,5,6,17,28,29,39,34
30/07/2022,1,4,24,35,44,47,17
02/08/2022,2,5,28,40,47,48,31
04/08/2022,8,9,20,41,48,54,2
06/08/2022,6,21,27,41,51,53,43
09/08/2022,9,10,36,41,51,55,52
11/08/2022,1,12,21,34,48,55,50
13/08/2022,19,28,29,30,33,36,14
16/08/2022,17,18,28,47,50,53,11
18/08/2022,23,27,31,37,38,42,26
20/08/2022,6,16,29,32,42,51,43
23/08/2022,13,21,31,41,44,45,27
25/08/2022,19,30,35,40,49,53,42
27/08/2022,1,5,7,10,25,48,36
30/08/2022,2,13,19,29,30,32,16
01/09/2022,4,14,18,39,50,53,31
03/09/2022,11,22,31,33,40,46,41
06/09/2022,1,5,27,43,52,54,15
08/09/2022,9,13,23,32,36,52,43
10/09/2022,2,8,15,19,35,38,14
13/09/2022,9,10,21,40,41,48,54
15/09/2022,3,8,19,30,41,52,9
17/09/2022,5,8,19,34,40,49,39
20/09/2022,8,27,32,43,53,54,45
22/09/2022,12,14,19,29,44,47,26
24/09/2022,1,4,5,17,42,47,9
27/09/2022,11,13,23,27,37,43,34
29/09/2022,15,32,33,37,42,54,28
01/10/2022,14,15,16,22,23,29,20
04/10/2022,5,11,12,22,43,45,42
06/10/2022,6,8,19,20,47,53,7
08/10/2022,11,17,23,34,41,51,40
11/10/2022,11,26,34,40,46,52,1
13/10/2022,12,13,43,48,51,52,15
15/10/2022,8,15,16,39,45,51,23
18/10/2022,6,30,36,39,44,46,49
20/10/2022,15,21,27,34,37,53,29
22/10/2022,17,19,35,42,51,52,34
25/10/2022,8,18,20,22,42,46,1
27/10/2022,1,7,10,17,19,30,53
29/10/2022,1,3,10,13,15,20,32
01/11/2022,3,9,20,23,31,54,55
03/11/2022,8,13,24,28,29,33,49
05/11/2022,10,19,22,25,47,53,52
08/11/2022,12,27,33,44,48,50,18
10/11/2022,8,11,14,27,38,45,21
12/11/2022,8,18,23,30,35,42,43
15/11/2022,4,20,26,36,47,51,33
17/11/2022,1,19,25,27,38,42,54
19/11/2022,3,15,22,39,46,48,43
22/11/2022,3,9,21,22,26,35,15
24/11/2022,4,6,18,27,52,53,10
26/11/2022,8,23,24,48,49,52,1
29/11/2022,2,13,16,18,41,42,19
01/12/2022,11,14,29,31,52,54,7
03/12/2022,16,17,27,48,52,53,24
06/12/2022,1,11,25,44,45,46,35
08/12/2022,6,30,36,41,49,55,20
10/12/2022,2,12,13,18,33,44,31
13/12/2022,10,22,31,37,41,52,20
15/12/2022,2,25,38,50,51,55,21
17/12/2022,1,2,29,34,41,42,9
20/12/2022,2,6,9,20,31,35,42
22/12/2022,14,26,35,43,45,48,3
24/12/2022,5,19,22,23,30,44,52
27/12/2022,11,12,13,14,23,55,27
29/12/2022,6,8,33,37,38,51,48
31/12/2022,10,15,36,42,45,52,20
03/01/2023,9,13,24,43,47,48,18
05/01/2023,5,12,34,37,47,49,28
07/01/2023,3,4,9,15,33,54,16
10/01/2023,5,12,14,19,46,51,36
12/01/2023,5,14,37,45,47,55,25
14/01/2023,5,17,24,30,43,53,26
17/01/2023,1,9,20,36,44,50,40
19/01/2023,3,21,32,33,38,52,30
24/01/2023,3,5,10,12,29,30,9
26/01/2023,8,15,18,20,33,41,14
28/01/2023,9,22,23,29,38,47,33
31/01/2023,10,11,31,32,38,52,5
02/02/2023,3,10,23,29,34,53,11
04/02/2023,2,6,8,27,41,46,20
07/02/2023,6,27,29,32,39,52,9
09/02/2023,1,10,29,30,49,50,9
11/02/2023,4,13,45,48,52,54,5
14/02/2023,1,9,33,37,43,45,23
16/02/2023,1,5,7,8,20,22,33
18/02/2023,11,23,26,29,43,50,5
21/02/2023,4,12,15,21,30,44,5
23/02/2023,12,16,29,31,39,48,40
25/02/2023,1,2,14,21,38,51,50
28/02/2023,2,13,14,30,43,55,22
02/03/2023,1,3,23,24,43,48,31
04/03/2023,9,13,23,36,38,54,21
07/03/2023,8,22,25,27,39,50,28
09/03/2023,12,22,28,34,53,54,40
11/03/2023,13,23,25,30,35,44,8
14/03/2023,14,15,18,20,27,35,31
16/03/2023,6,23,34,48,50,55,2
18/03/2023,18,24,32,33,51,53,36
21/03/2023,7,17,31,43,45,49,52
23/03/2023,4,7,22,33,40,49,39
25/03/2023,17,18,28,40,49,54,16
28/03/2023,6,21,24,41,50,53,13
30/03/2023,6,11,14,21,30,32,22
01/04/2023,12,34,39,44,49,55,14
04/04/2023,13,28,41,42,47,51,9
06/04/2023,7,10,12,33,52,54,16
08/04/2023,17,33,36,46,50,52,40
11/04/2023,10,14,16,18,37,49,54
13/04/2023,22,26,28,37,39,48,15
15/04/2023,1,34,35,36,42,43,5
18/04/2023,17,18,30,40,51,55,50
20/04/2023,7,11,32,35,42,51,46
22/04/2023,9,18,23,24,48,52,10
25/04/2023,6,10,19,23,25,28,45
27/04/2023,8,28,38,39,41,45,54
29/04/2023,2,9,12,24,41,53,35
02/05/2023,4,11,18,25,33,45,21
04/05/2023,13,30,32,35,45,52,29
06/05/2023,1,11,22,28,34,42,10
09/05/2023,7,9,13,22,44,47,39
11/05/2023,1,3,19,33,34,51,17
13/05/2023,22,24,35,43,45,54,50
16/05/2023,19,24,30,34,40,44,51
18/05/2023,13,14,21,23,30,41,49
20/05/2023,1,14,21,36,48,53,44
23/05/2023,26,27,35,36,47,54,40
25/05/2023,15,16,19,31,33,46,7
27/05/2023,4,6,8,18,39,43,28
30/05/2023,1,14,24,28,40,46,34
01/06/2023,3,18,40,41,46,47,36
03/06/2023,23,28,29,36,38,41,7
06/06/2023,1,14,23,27,44,50,43
08/06/2023,3,36,38,43,51,53,2
10/06/2023,10,17,27,32,35,41,54
13/06/2023,4,14,18,27,47,50,33
15/06/2023,10,11,25,39,46,55,40
17/06/2023,7,13,23,34,38,40,55
20/06/2023,7,23,26,31,35,53,32
22/06/2023,2,11,14,35,43,51,55
24/06/2023,8,9,16,20,50,53,3
27/06/2023,2,12,15,16,27,28,47
29/06/2023,1,11,12,28,46,54,40
01/07/2023,13,33,36,38,45,50,25
04/07/2023,4,13,14,23,33,50,41
06/07/2023,7,12,29,39,46,55,1
08/07/2023,8,11,23,43,44,48,41
11/07/2023,24,40,44,46,47,49,5
13/07/2023,3,4,30,34,36,49,8
15/07/2023,2,16,31,37,38,48,36
18/07/2023,10,11,19,28,42,47,16
20/07/2023,5,34,36,38,47,50,26
22/07/2023,9,15,23,25,27,34,41
25/07/2023,12,23,42,44,51,52,3
27/07/2023,3,11,13,31,33,45,27
29/07/2023,16,23,25,26,29,40,32
01/08/2023,4,18,22,25,33,48,2
03/08/2023,3,12,22,25,37,39,7
05/08/2023,22,34,40,47,49,51,44
08/08/2023,5,6,19,20,40,45,47
10/08/2023,4,14,31,42,47,49,43
12/08/2023,13,24,39,43,45,52,8
15/08/2023,5,12,25,39,40,53,52
17/08/2023,1,5,25,32,51,52,54
19/08/2023,7,9,13,22,27,42,23
22/08/2023,2,3,6,34,35,36,31
24/08/2023,1,10,20,41,42,50,39
26/08/2023,5,8,24,38,50,51,47
29/08/2023,1,8,20,25,35,53,54
31/08/2023,23,33,37,43,45,46,29
02/09/2023,12,15,32,44,46,51,48
05/09/2023,2,6,19,29,34,48,39
07/09/2023,1,4,36,42,45,54,32
09/09/2023,13,20,32,37,43,49,40
12/09/2023,26,31,32,39,45,55,28
14/09/2023,6,10,20,22,50,52,34
16/09/2023,25,27,42,51,54,55,45
19/09/2023,17,29,35,40,51,52,23
21/09/2023,16,26,33,34,41,43,53
23/09/2023,20,27,36,43,45,47,35
26/09/2023,14,20,24,27,41,44,23
28/09/2023,4,23,36,45,47,50,22
30/09/2023,3,13,19,30,38,44,51
03/10/2023,3,15,27,29,37,48,55
05/10/2023,1,21,33,46,47,53,9
07/10/2023,4,13,36,40,43,52,34
10/10/2023,6,23,26,37,44,46,33
12/10/2023,5,8,9,20,36,50,35
17/10/2023,13,22,33,41,46,47,9
19/10/2023,1,23,29,37,51,55,54
21/10/2023,11,16,24,34,47,52,15
24/10/2023,12,20,26,33,40,44,24
26/10/2023,14,22,32,37,43,48,42
28/10/2023,11,14,25,44,46,47,10
31/10/2023,10,16,17,28,37,42,43
02/11/2023,9,15,17,21,26,36,13
04/11/2023,14,35,37,47,48,50,43
07/11/2023,12,18,20,28,35,52,25
09/11/2023,8,17,24,34,39,48,44
11/11/2023,2,3,4,19,41,42,23
14/11/2023,4,9,12,15,22,38,40
16/11/2023,3,5,10,18,44,49,28
18/11/2023,1,7,10,14,28,29,2
21/11/2023,3,7,16,37,39,51,9
23/11/2023,4,6,26,33,52,55,15
25/11/2023,7,9,10,17,25,53,49
28/11/2023,10,24,47,48,52,55,28
30/11/2023,9,13,21,28,50,54,51
02/12/2023,1,10,20,37,48,51,54
05/12/2023,2,4,19,32,35,39,49
07/12/2023,9,13,28,33,50,53,47
09/12/2023,6,9,26,27,34,47,41
12/12/2023,6,7,16,21,34,50,31
14/12/2023,1,12,23,43,48,52,30
16/12/2023,13,15,21,26,34,35,45
19/12/2023,11,14,15,24,34,53,18
21/12/2023,9,31,39,41,47,48,3
23/12/2023,22,32,39,46,48,49,43
26/12/2023,10,14,17,27,29,40,25
28/12/2023,20,28,30,40,45,52,32
30/12/2023,9,17,29,32,38,52,2
02/01/2024,2,5,18,31,37,45,20
04/01/2024,7,34,37,43,52,54,28
06/01/2024,15,17,21,24,34,46,11
09/01/2024,16,32,45,50,52,53,54
11/01/2024,2,23,32,44,51,52,28
13/01/2024,1,5,7,23,35,42,21
16/01/2024,9,14,18,20,27,43,42
18/01/2024,12,20,33,38,40,52,35
20/01/2024,6,25,29,34,49,54,38
23/01/2024,13,27,32,48,49,51,23
25/01/2024,13,17,35,38,42,48,7
27/01/2024,6,12,38,41,46,55,13
30/01/2024,3,10,13,40,49,52,9
01/02/2024,2,7,10,22,32,40,39
03/02/2024,4,6,7,13,18,26,49
06/02/2024,8,19,27,34,46,51,24
08/02/2024,22,31,35,36,38,42,11
13/02/2024,8,17,22,31,34,49,18
15/02/2024,3,7,8,18,21,26,19
17/02/2024,8,12,17,27,38,55,47
20/02/2024,34,46,50,51,52,55,5
22/02/2024,8,19,24,31,35,55,1
24/02/2024,1,3,22,27,38,40,26
27/02/2024,1,4,6,8,24,35,53
29/02/2024,4,11,20,38,52,53,33
02/03/2024,1,19,21,31,50,55,37
05/03/2024,12,19,21,23,28,54,31
07/03/2024,13,20,33,47,53,54,19
09/03/2024,11,13,22,36,46,49,37
12/03/2024,11,14,18,20,22,43,16
14/03/2024,21,25,26,29,41,51,39
16/03/2024,8,36,42,43,44,55,54
19/03/2024,6,25,39,45,46,55,26
21/03/2024,12,13,41,48,49,53,43
23/03/2024,3,10,13,30,40,52,4
26/03/2024,1,8,13,16,38,44,47
28/03/2024,1,7,18,26,38,49,21
30/03/2024,14,17,27,38,54,55,23
02/04/2024,1,12,18,20,51,52,37
04/04/2024,3,8,12,25,47,48,15
06/04/2024,9,13,20,30,39,54,23
09/04/2024,4,12,27,44,46,51,22
11/04/2024,3,6,15,25,33,43,55
13/04/2024,29,36,37,38,40,42,46
16/04/2024,3,5,32,40,46,50,37
18/04/2024,1,21,23,33,43,54,28
20/04/2024,2,6,35,43,45,47,14
23/04/2024,1,34,39,40,49,53,9
25/04/2024,13,19,27,38,41,54,46
27/04/2024,7,12,38,43,48,55,8
30/04/2024,13,16,26,46,49,54,8
02/05/2024,30,32,33,36,42,48,18
04/05/2024,5,27,35,45,49,55,18
07/05/2024,21,26,35,41,44,52,13
09/05/2024,3,16,21,36,37,40,31
11/05/2024,19,23,25,43,46,54,42
14/05/2024,5,17,36,40,46,50,1
16/05/2024,20,25,27,39,45,55,44
18/05/2024,12,18,20,25,27,52,44
21/05/2024,1,2,14,32,33,41,4
23/05/2024,8,12,42,47,51,52,36
25/05/2024,15,22,38,39,43,53,20
28/05/2024,1,25,29,37,40,54,50
30/05/2024,4,7,8,12,23,31,45
01/06/2024,6,24,30,31,47,49,1
04/06/2024,1,2,7,10,13,19,24
06/06/2024,18,26,38,39,47,51,55
08/06/2024,13,16,32,33,35,43,42
11/06/2024,13,16,21,30,32,39,53
13/06/2024,8,39,45,47,49,51,16
15/06/2024,5,10,14,20,26,51,36
18/06/2024,20,23,27,36,38,44,52
20/06/2024,1,10,29,34,43,55,49
22/06/2024,17,25,31,35,41,42,36
25/06/2024,1,5,9,13,18,27,8
27/06/2024,7,21,22,41,43,46,32
29/06/2024,11,15,32,34,46,48,47
02/07/2024,7,8,50,52,53,54,2
04/07/2024,10,19,20,29,34,41,8
06/07/2024,8,10,12,22,25,55,52
09/07/2024,6,8,9,28,33,53,10
11/07/2024,1,2,11,21,22,23,26
13/07/2024,2,12,13,33,44,52,34
16/07/2024,20,31,34,36,47,52,2
18/07/2024,10,13,28,35,40,42,2
20/07/2024,12,18,32,40,51,53,28
23/07/2024,34,39,40,42,54,55,30
25/07/2024,12,17,21,25,33,40,39
27/07/2024,18,23,25,37,39,40,35
30/07/2024,2,6,22,23,38,51,32
01/08/2024,9,17,21,48,53,55,29
03/08/2024,7,20,34,36,41,46,16
06/08/2024,22,34,44,46,54,55,14
08/08/2024,1,7,42,43,48,51,29
10/08/2024,10,23,32,37,48,55,14
13/08/2024,9,26,40,44,45,50,27
15/08/2024,8,16,20,30,34,43,46
17/08/2024,4,28,35,38,39,45,5
20/08/2024,5,24,26,27,29,54,6
22/08/2024,11,18,20,32,41,46,33
24/08/2024,2,17,20,21,22,23,38
27/08/2024,5,6,29,31,37,48,2
29/08/2024,8,11,21,29,38,55,12
31/08/2024,24,33,38,40,42,51,28
03/09/2024,8,10,11,14,38,48,41
05/09/2024,15,20,23,29,34,46,1
07/09/2024,5,11,20,39,46,53,37
10/09/2024,15,23,37,38,45,49,30
12/09/2024,3,8,31,36,39,47,38
14/09/2024,2,12,25,32,51,54,34
17/09/2024,14,32,34,41,47,54,48
19/09/2024,4,9,22,24,45,54,48
21/09/2024,3,8,9,22,26,55,11
24/09/2024,1,6,11,17,24,31,43
26/09/2024,3,18,29,39,41,49,46
28/09/2024,2,11,13,32,41,48,15
01/10/2024,3,18,22,41,43,44,12
03/10/2024,18,21,34,40,42,53,25
05/10/2024,2,10,17,27,50,52,18
08/10/2024,3,7,14,17,48,50,40
10/10/2024,4,5,6,29,32,44,53
12/10/2024,29,34,35,38,50,51,37
15/10/2024,4,25,41,42,46,52,33
17/10/2024,11,14,15,26,38,41,25
19/10/2024,9,22,31,39,43,51,19
22/10/2024,15,21,23,26,31,43,35
24/10/2024,5,17,31,39,46,53,3
26/10/2024,5,19,27,29,42,47,40
29/10/2024,14,17,19,28,47,51,55
31/10/2024,5,16,20,29,30,31,39
02/11/2024,2,9,19,20,34,54,26
05/11/2024,9,31,36,46,49,54,7
07/11/2024,6,9,33,39,50,51,43
09/11/2024,11,14,24,26,34,51,40
12/11/2024,1,21,29,35,41,45,20
14/11/2024,12,25,37,40,49,52,31
16/11/2024,16,22,33,37,39,51,54
19/11/2024,6,10,17,34,41,48,31
21/11/2024,15,22,31,40,42,51,26
23/11/2024,4,12,25,39,48,51,45
26/11/2024,8,11,16,32,40,43,12
28/11/2024,1,16,24,28,38,53,9
30/11/2024,1,20,24,26,38,41,36
03/12/2024,10,19,33,39,47,54,16
05/12/2024,16,21,29,41,42,47,9
07/12/2024,16,17,22,24,29,37,54
10/12/2024,11,15,26,45,52,55,36
12/12/2024,1,9,12,18,37,44,11
14/12/2024,3,10,19,20,21,24,7
17/12/2024,2,14,27,30,53,54,16
19/12/2024,13,16,32,39,49,51,11
21/12/2024,4,16,29,30,35,51,48
24/12/2024,17,20,27,32,44,51,33
26/12/2024,6,18,33,38,41,48,16
28/12/2024,6,19,36,42,53,55,39
31/12/2024,8,13,29,36,42,43,28
02/01/2025,4,10,18,22,41,45,50
04/01/2025,4,10,30,36,40,53,51
07/01/2025,4,5,9,16,22,39,30
09/01/2025,18,21,31,39,50,53,13
11/01/2025,10,25,26,29,37,46,14
14/01/2025,3,11,12,24,33,40,46
16/01/2025,8,16,34,37,47,50,23
18/01/2025,1,3,26,31,37,41,51
21/01/2025,11,18,22,28,51,52,53
23/01/2025,11,18,22,49,50,51,37
25/01/2025,14,21,40,42,48,51,19
30/01/2025,5,8,24,28,34,52,39
01/02/2025,1,20,34,38,45,47,49
04/02/2025,7,17,29,51,52,55,41
06/02/2025,1,11,31,43,48,54,19
08/02/2025,11,22,28,44,48,49,23
11/02/2025,1,9,18,21,35,40,44
13/02/2025,2,8,23,26,42,47,7
15/02/2025,22,37,38,47,51,55,31
18/02/2025,12,13,30,38,40,47,42
20/02/2025,13,17,20,27,36,54,47
22/02/2025,1,2,7,22,23,46,50
25/02/2025,1,7,11,24,29,30,48
27/02/2025,5,9,21,31,43,53,11
01/03/2025,15,17,34,37,39,45,41
04/03/2025,5,14,27,43,45,53,47
06/03/2025,5,10,21,26,43,51,15
08/03/2025,10,38,41,43,45,48,8
11/03/2025,1,16,18,30,31,44,34
13/03/2025,7,13,21,43,52,53,17
15/03/2025,1,34,39,40,42,50,25
18/03/2025,2,8,29,30,50,55,27
20/03/2025,11,13,24,28,36,41,37
22/03/2025,2,23,42,50,52,54,44
25/03/2025,14,23,29,30,35,40,17
27/03/2025,13,25,32,36,41,53,29
29/03/2025,14,19,21,24,26,48,39
01/04/2025,14,15,29,33,39,47,4
03/04/2025,24,26,34,42,50,51,30
05/04/2025,13,23,29,32,41,42,9
08/04/2025,3,7,34,41,43,53,31
10/04/2025,10,13,36,37,40,43,41
12/04/2025,3,14,19,37,42,55,23
15/04/2025,8,23,24,27,42,49,20
17/04/2025,1,17,20,38,41,52,14
19/04/2025,5,11,15,32,42,49,43
22/04/2025,10,25,37,40,41,48,32
24/04/2025,1,2,15,39,40,47,24
26/04/2025,3,15,16,31,48,52,21
29/04/2025,14,15,18,23,28,33,29
01/05/2025,3,17,19,41,45,50,43
03/05/2025,15,19,21,26,42,47,38
06/05/2025,12,16,25,28,30,39,5
08/05/2025,8,14,29,37,39,50,21
10/05/2025,7,16,19,28,34,51,15
13/05/2025,3,7,24,39,54,55,42
15/05/2025,6,9,13,44,49,54,47
17/05/2025,2,7,26,29,41,50,43
20/05/2025,19,27,44,45,47,52,15
22/05/2025,3,9,14,41,47,55,22
24/05/2025,19,20,27,30,45,55,15
27/05/2025,4,12,18,19,44,48,42
29/05/2025,9,37,42,45,46,50,14
31/05/2025,6,24,41,45,49,55,8
03/06/2025,2,11,14,16,27,38,51
05/06/2025,14,21,33,37,46,49,34
07/06/2025,12,17,21,46,48,52,45
10/06/2025,3,6,21,29,40,41,37
12/06/2025,6,8,16,18,34,44,17
14/06/2025,11,12,22,26,41,47,24
17/06/2025,7,13,18,22,32,44,43
19/06/2025,3,5,9,10,16,47,34
21/06/2025,6,10,15,43,44,53,32
24/06/2025,3,9,18,20,30,53,48
26/06/2025,1,14,16,27,40,51,2
28/06/2025,8,11,13,20,45,50,25
01/07/2025,3,11,12,14,27,33,15
03/07/2025,18,19,29,31,45,54,27
05/07/2025,3,15,22,45,51,55,54
08/07/2025,23,24,32,42,48,50,31
10/07/2025,12,33,34,42,44,53,3
12/07/2025,2,34,39,41,45,52,51
15/07/2025,18,26,31,32,36,48,30
17/07/2025,13,18,33,40,48,53,54
19/07/2025,8,9,20,36,39,44,28
22/07/2025,9,10,15,28,33,44,22
24/07/2025,5,10,24,29,30,34,45
26/07/2025,5,26,28,29,33,54,34
29/07/2025,4,8,23,43,45,51,48
31/07/2025,5,17,31,42,46,49,37
02/08/2025,12,24,29,33,34,35,47
05/08/2025,8,41,45,51,52,53,31
07/08/2025,6,24,31,32,39,48,52
09/08/2025,5,9,16,36,43,51,19
12/08/2025,1,6,24,37,40,55,10
14/08/2025,6,10,17,18,32,35,53
16/08/2025,14,23,32,36,47,48,5
19/08/2025,1,14,31,34,36,47,45
21/08/2025,5,9,17,35,40,41,44
23/08/2025,1,9,26,34,44,50,52
26/08/2025,22,30,38,44,48,55,5
28/08/2025,6,13,28,30,35,52,50
30/08/2025,2,17,19,24,30,44,34
02/09/2025,9,16,22,25,30,51,43
04/09/2025,9,19,23,42,49,53,40
06/09/2025,9,11,19,22,34,43,31
09/09/2025,16,20,21,31,40,52,2
11/09/2025,6,16,46,49,51,55,42
13/09/2025,2,7,15,18,24,27,45
16/09/2025,17,19,28,39,43,53,33
18/09/2025,2,3,8,27,38,55,20
20/09/2025,8,13,14,19,36,43,30
23/09/2025,8,18,19,34,41,46,38
25/09/2025,5,17,30,31,38,53,8
27/09/2025,8,13,19,24,39,46,1
30/09/2025,17,23,34,39,46,52,8
02/10/2025,1,2,20,24,27,42,43
04/10/2025,22,33,35,36,38,40,7
07/10/2025,19,22,35,37,43,45,29
09/10/2025,7,11,21,22,39,42,40
11/10/2025,3,7,26,43,44,46,25
14/10/2025,8,9,16,26,37,55,12
16/10/2025,14,15,24,26,27,45,36
18/10/2025,5,16,19,21,38,43,50
21/10/2025,3,11,12,14,22,40,41
23/10/2025,8,10,21,48,49,50,40
25/10/2025,3,5,11,13,24,27,45
28/10/2025,6,8,10,22,25,54,9
30/10/2025,20,23,35,41,47,55,37
01/11/2025,7,11,28,29,31,33,8
04/11/2025,15,27,29,31,36,43,38
06/11/2025,16,20,29,33,36,49,6
08/11/2025,14,16,19,22,27,44,18
11/11/2025,11,20,28,41,47,54,31
13/11/2025,1,15,30,38,40,43,13
15/11/2025,2,30,33,35,42,54,45
18/11/2025,7,12,18,22,30,49,5
20/11/2025,3,12,19,20,31,42,13
22/11/2025,8,10,19,29,34,46,14
25/11/2025,23,31,32,42,46,48,4
27/11/2025,4,5,10,11,28,35,38
29/11/2025,4,20,24,27,40,48,9
02/12/2025,16,20,24,36,51,54,10
04/12/2025,10,29,32,33,44,53,14
06/12/2025,12,26,34,37,50,52,15
09/12/2025,14,21,26,27,31,43,42
11/12/2025,9,13,21,45,48,55,38
13/12/2025,5,8,12,18,20,38,52
16/12/2025,7,36,37,38,52,55,46
18/12/2025,12,14,29,30,39,55,50
20/12/2025,22,32,33,35,40,41,23
23/12/2025,2,10,16,25,32,38,3
25/12/2025,4,6,32,37,40,48,38
27/12/2025,16,21,30,37,39,40,13
30/12/2025,11,30,35,41,48,55,38
01/01/2026,5,16,29,33,39,42,54
03/01/2026,10,16,17,23,33,36,42
06/01/2026,22,28,29,30,34,47,20
08/01/2026,20,22,36,43,45,50,47
10/01/2026,9,16,30,33,34,38,49
13/01/2026,3,12,25,51,52,55,43
15/01/2026,13,21,31,34,48,55,27
17/01/2026,14,21,23,25,46,48,54
20/01/2026,4,20,26,28,37,41,32
22/01/2026,2,20,21,29,36,50,5
24/01/2026,14,24,25,30,35,53,18
27/01/2026,13,22,32,42,53,54,29
29/01/2026,11,15,22,32,34,54,28
31/01/2026,10,11,14,17,49,53,4
03/02/2026,12,15,18,22,48,53,45
05/02/2026,7,13,16,25,26,55,9
07/02/2026,3,5,13,15,29,46,1
10/02/2026,13,21,22,26,32,55,20
12/02/2026,8,17,19,31,32,46,26
14/02/2026,2,13,26,32,36,42,48
19/02/2026,1,27,30,43,45,46,48
21/02/2026,5,7,26,30,41,45,12
24/02/2026,5,8,18,30,39,54,51
26/02/2026,1,7,10,21,44,51,46
28/02/2026,22,25,31,44,51,54,36
03/03/2026,7,13,27,29,43,50,25
05/03/2026,14,16,35,38,43,51,37
07/03/2026,4,32,41,45,50,52,29
10/03/2026,3,26,31,39,47,54,20
12/03/2026,12,28,36,40,53,55,54
14/03/2026,7,16,27,29,47,52,26
17/03/2026,12,26,28,43,50,54,52
19/03/2026,7,9,17,31,34,36,55
21/03/2026,1,6,40,43,47,53,3
24/03/2026,12,19,25,26,32,45,3
26/03/2026,3,9,10,34,38,44,51
28/03/2026,7,13,21,30,33,42,39
31/03/2026,15,16,22,38,43,48,11
02/04/2026,9,21,32,34,52,53,22
04/04/2026,5,7,10,23,30,54,40
07/04/2026,01,13,23,31,44,53,32
09/04/2026,16,18,22,29,41,53,38
11/04/2026,13,26,29,38,49,53,07